{"9e2aa0e0-77e6-11ec-b74b-db940e360d5b":{"textTransform":"none","fontFamily":"Source Sans Pro","fontStyle":"normal","fontWeight":"600","lineHeight":"1.2","path":"","letterSpacing":"0","name":"H2","fontVariantId":"600","fontSize":"48","fontId":"gfont-source-sans-pro"},"961b7cd0-77e6-11ec-b74b-db940e360d5b":{"textTransform":"none","fontFamily":"Source Sans Pro","fontStyle":"normal","fontWeight":"600","lineHeight":"1.2","path":"","letterSpacing":"0","name":"H3","fontVariantId":"600","fontSize":"40","fontId":"gfont-source-sans-pro"},"7395bfe0-77e6-11ec-b74b-db940e360d5b":{"textTransform":"none","fontFamily":"sourcesanspro","fontStyle":"normal","fontWeight":"400","lineHeight":"1.2","path":"","letterSpacing":"0","name":"Body","fontVariantId":"regular","fontSize":"16","fontId":"sourcesanspro"}}